{"cameraMode":{"drawMode":0,"name":"Shaded","section":"Shading Mode"},"sceneLighting":false,"audioPlay":false,"sceneViewState":{"showFog":true,"showMaterialUpdate":false,"showSkybox":false,"showFlares":true,"showImageEffects":true,"showParticleSystems":true},"in2DMode":false,"pivot":{"x":0.025505423545837404,"y":1.5368530750274659,"z":0.6319586038589478},"rotation":{"x":0.46069419384002688,"y":-0.17492857575416566,"z":0.0931498110294342,"w":0.8651503920555115},"size":2.148439884185791,"orthographic":false}