{"cameraMode":{"drawMode":0,"name":"Shaded","section":"Shading Mode"},"sceneLighting":true,"audioPlay":false,"sceneViewState":{"showFog":true,"showMaterialUpdate":false,"showSkybox":true,"showFlares":true,"showImageEffects":true,"showParticleSystems":true},"in2DMode":false,"pivot":{"x":-0.4966426193714142,"y":5.0019121170043949,"z":-3.4846835136413576},"rotation":{"x":0.46069419384002688,"y":-0.17492857575416566,"z":0.0931498110294342,"w":0.8651503920555115},"size":3.4034109115600588,"orthographic":false}