{"cameraMode":{"drawMode":0,"name":"Shaded","section":"Shading Mode"},"sceneLighting":false,"audioPlay":false,"sceneViewState":{"showFog":true,"showMaterialUpdate":false,"showSkybox":false,"showFlares":true,"showImageEffects":true,"showParticleSystems":true},"in2DMode":false,"pivot":{"x":-0.019999999552965165,"y":0.7450000047683716,"z":1.2100000381469727},"rotation":{"x":0.46069419384002688,"y":-0.17492857575416566,"z":0.0931498110294342,"w":0.8651503920555115},"size":1.4211000204086304,"orthographic":false}