{"cameraMode":{"drawMode":0,"name":"Shaded","section":"Shading Mode"},"sceneLighting":false,"audioPlay":false,"sceneViewState":{"showFog":true,"showMaterialUpdate":false,"showSkybox":false,"showFlares":true,"showImageEffects":true,"showParticleSystems":true},"in2DMode":false,"pivot":{"x":-0.10774314403533936,"y":1.0536308288574219,"z":6.736512184143066},"rotation":{"x":0.46069419384002688,"y":-0.17492857575416566,"z":0.0931498110294342,"w":0.8651503920555115},"size":2.429156541824341,"orthographic":false}