{"cameraMode":{"drawMode":0,"name":"Shaded","section":"Shading Mode"},"sceneLighting":false,"audioPlay":false,"sceneViewState":{"showFog":true,"showMaterialUpdate":false,"showSkybox":false,"showFlares":true,"showImageEffects":true,"showParticleSystems":true},"in2DMode":false,"pivot":{"x":-1.7965158224105836,"y":0.6966485977172852,"z":-3.0145976543426515},"rotation":{"x":0.46069419384002688,"y":-0.17492857575416566,"z":0.0931498110294342,"w":0.8651503920555115},"size":2.044510841369629,"orthographic":false}